<?xml version="1.0" encoding="UTF-8"?>
<project-private xmlns="http://www.netbeans.org/ns/project-private/1">
    <editor-bookmarks xmlns="http://www.netbeans.org/ns/editor-bookmarks/2" lastBookmarkId="0"/>
    <open-files xmlns="http://www.netbeans.org/ns/projectui-open-files/2">
        <group>
            <file>file:/Users/luidgivarela/NetBeansProjects/RazzPizzaLuidgi/src/a_view/LoginEntregador.java</file>
            <file>file:/Users/luidgivarela/NetBeansProjects/RazzPizzaLuidgi/src/a_view/LoginAdministrador.java</file>
            <file>file:/Users/luidgivarela/NetBeansProjects/RazzPizzaLuidgi/src/a_view/LoginCliente_back.java</file>
            <file>file:/Users/luidgivarela/NetBeansProjects/RazzPizzaLuidgi/src/a_view/CadastroCliente_back.java</file>
            <file>file:/Users/luidgivarela/NetBeansProjects/RazzPizzaLuidgi/src/a_view/ConsultaPerfil_back.java</file>
            <file>file:/Users/luidgivarela/NetBeansProjects/RazzPizzaLuidgi/src/a_view/ConsultaHistorico.java</file>
            <file>file:/Users/luidgivarela/NetBeansProjects/RazzPizzaLuidgi/src/a_view/RedefinirSenha.java</file>
            <file>file:/Users/luidgivarela/NetBeansProjects/RazzPizzaLuidgi/src/a_view/ConfirmaSenha.java</file>
            <file>file:/Users/luidgivarela/NetBeansProjects/RazzPizzaLuidgi/src/b_model/BancoUsuarios.java</file>
        </group>
    </open-files>
</project-private>
