<?xml version="1.0" encoding="UTF-8"?>
<project-private xmlns="http://www.netbeans.org/ns/project-private/1">
    <editor-bookmarks xmlns="http://www.netbeans.org/ns/editor-bookmarks/2" lastBookmarkId="0"/>
    <open-files xmlns="http://www.netbeans.org/ns/projectui-open-files/2">
        <group>
            <file>file:/C:/Users/arthu/Documents/UnB/TP1/RazzPizzaArthur/src/ViewArthur/TelaPix.java</file>
            <file>file:/C:/Users/arthu/Documents/UnB/TP1/RazzPizzaArthur/src/ViewArthur/TelaDinheiro.java</file>
            <file>file:/C:/Users/arthu/Documents/UnB/TP1/RazzPizzaArthur/src/ModelArthur/Cartao.java</file>
            <file>file:/C:/Users/arthu/Documents/UnB/TP1/RazzPizzaArthur/src/ViewArthur/TelaCartao.java</file>
            <file>file:/C:/Users/arthu/Documents/UnB/TP1/RazzPizzaArthur/src/ViewArthur/TelaPagamento.java</file>
            <file>file:/C:/Users/arthu/Documents/UnB/TP1/RazzPizzaArthur/src/ViewArthur/TelaReserva.java</file>
            <file>file:/C:/Users/arthu/Documents/UnB/TP1/RazzPizzaArthur/src/ViewArthur/TelaAvaliacao.java</file>
            <file>file:/C:/Users/arthu/Documents/UnB/TP1/RazzPizzaArthur/src/ModelArthur/Administrador.java</file>
            <file>file:/C:/Users/arthu/Documents/UnB/TP1/RazzPizzaArthur/src/ModelArthur/Avaliacao.java</file>
            <file>file:/C:/Users/arthu/Documents/UnB/TP1/RazzPizzaArthur/src/ModelArthur/SistemaAvaliacoes.java</file>
            <file>file:/C:/Users/arthu/Documents/UnB/TP1/RazzPizzaArthur/src/ModelArthur/Bebida.java</file>
            <file>file:/C:/Users/arthu/Documents/UnB/TP1/RazzPizzaArthur/src/ModelArthur/Categoria.java</file>
            <file>file:/C:/Users/arthu/Documents/UnB/TP1/RazzPizzaArthur/src/ModelArthur/Dinheiro.java</file>
            <file>file:/C:/Users/arthu/Documents/UnB/TP1/RazzPizzaArthur/src/ModelArthur/Pagamento.java</file>
            <file>file:/C:/Users/arthu/Documents/UnB/TP1/RazzPizzaArthur/src/ModelArthur/Pizza.java</file>
            <file>file:/C:/Users/arthu/Documents/UnB/TP1/RazzPizzaArthur/src/ModelArthur/Sobremesa.java</file>
        </group>
    </open-files>
</project-private>
