<?xml version="1.0" encoding="UTF-8"?>
<project-private xmlns="http://www.netbeans.org/ns/project-private/1">
    <editor-bookmarks xmlns="http://www.netbeans.org/ns/editor-bookmarks/2" lastBookmarkId="0"/>
    <open-files xmlns="http://www.netbeans.org/ns/projectui-open-files/2">
        <group>
            <file>file:/home/nikolle/NetBeansProjects/InterJava/src/telas/PedidoPizza.java</file>
            <file>file:/home/nikolle/NetBeansProjects/InterJava/src/telas/PedidoRefri.java</file>
            <file>file:/home/nikolle/NetBeansProjects/InterJava/src/telas/PedidoSobre.java</file>
            <file>file:/home/nikolle/NetBeansProjects/InterJava/src/telas/LoginEntreg.java</file>
            <file>file:/home/nikolle/NetBeansProjects/InterJava/src/telas/CodEnteg.java</file>
            <file>file:/home/nikolle/NetBeansProjects/InterJava/src/telas/PedidoHist.java</file>
            <file>file:/home/nikolle/NetBeansProjects/InterJava/src/sistema/PedidoPiz.java</file>
        </group>
    </open-files>
</project-private>
